{"0": {"precision": 0.7283950617283951, "recall": 0.48760330578512395, "f1-score": 0.5841584158415841, "support": 121}, "1": {"precision": 0.6149068322981367, "recall": 0.8181818181818182, "f1-score": 0.7021276595744681, "support": 121}, "accuracy": 0.6528925619834711, "macro avg": {"precision": 0.6716509470132659, "recall": 0.6528925619834711, "f1-score": 0.643143037708026, "support": 242}, "weighted avg": {"precision": 0.6716509470132659, "recall": 0.6528925619834711, "f1-score": 0.6431430377080262, "support": 242}}