{"0": {"precision": 0.782608695652174, "recall": 0.46153846153846156, "f1-score": 0.5806451612903226, "support": 117}, "1": {"precision": 0.6181818181818182, "recall": 0.8717948717948718, "f1-score": 0.723404255319149, "support": 117}, "accuracy": 0.6666666666666666, "macro avg": {"precision": 0.700395256916996, "recall": 0.6666666666666667, "f1-score": 0.6520247083047358, "support": 234}, "weighted avg": {"precision": 0.7003952569169961, "recall": 0.6666666666666666, "f1-score": 0.6520247083047358, "support": 234}}