{"-1": {"precision": 0.0, "recall": 0.0, "f1-score": 0.0, "support": 0}, "0": {"precision": 0.7714285714285715, "recall": 0.7431192660550459, "f1-score": 0.7570093457943925, "support": 109}, "1": {"precision": 0.7792207792207793, "recall": 0.5504587155963303, "f1-score": 0.6451612903225807, "support": 109}, "accuracy": 0.6467889908256881, "macro avg": {"precision": 0.5168831168831169, "recall": 0.43119266055045874, "f1-score": 0.46739021203899106, "support": 218}, "weighted avg": {"precision": 0.7753246753246753, "recall": 0.6467889908256881, "f1-score": 0.7010853180584866, "support": 218}}