{"0": {"precision": 0.8923076923076924, "recall": 0.6236559139784946, "f1-score": 0.7341772151898733, "support": 93}, "1": {"precision": 0.7107438016528925, "recall": 0.9247311827956989, "f1-score": 0.8037383177570093, "support": 93}, "accuracy": 0.7741935483870968, "macro avg": {"precision": 0.8015257469802924, "recall": 0.7741935483870968, "f1-score": 0.7689577664734413, "support": 186}, "weighted avg": {"precision": 0.8015257469802926, "recall": 0.7741935483870968, "f1-score": 0.7689577664734413, "support": 186}}