{"0": {"precision": 0.7428571428571429, "recall": 0.5416666666666666, "f1-score": 0.6265060240963857, "support": 48}, "1": {"precision": 0.6140350877192983, "recall": 0.7954545454545454, "f1-score": 0.693069306930693, "support": 44}, "accuracy": 0.6630434782608695, "macro avg": {"precision": 0.6784461152882206, "recall": 0.668560606060606, "f1-score": 0.6597876655135393, "support": 92}, "weighted avg": {"precision": 0.681246594747739, "recall": 0.6630434782608695, "f1-score": 0.658340637625837, "support": 92}}