{"0": {"precision": 0.7878787878787878, "recall": 1.0, "f1-score": 0.8813559322033898, "support": 52}, "1": {"precision": 1.0, "recall": 0.72, "f1-score": 0.8372093023255813, "support": 50}, "accuracy": 0.8627450980392157, "macro avg": {"precision": 0.8939393939393939, "recall": 0.86, "f1-score": 0.8592826172644856, "support": 102}, "weighted avg": {"precision": 0.8918597742127153, "recall": 0.8627450980392157, "f1-score": 0.8597154273613268, "support": 102}}