{"0": {"precision": 0.7045454545454546, "recall": 1.0, "f1-score": 0.8266666666666667, "support": 93}, "1": {"precision": 1.0, "recall": 0.5806451612903226, "f1-score": 0.7346938775510204, "support": 93}, "accuracy": 0.7903225806451613, "macro avg": {"precision": 0.8522727272727273, "recall": 0.7903225806451613, "f1-score": 0.7806802721088435, "support": 186}, "weighted avg": {"precision": 0.8522727272727273, "recall": 0.7903225806451613, "f1-score": 0.7806802721088434, "support": 186}}