{"0": {"precision": 0.8333333333333334, "recall": 0.9090909090909091, "f1-score": 0.8695652173913043, "support": 121}, "1": {"precision": 0.9, "recall": 0.8181818181818182, "f1-score": 0.8571428571428572, "support": 121}, "accuracy": 0.8636363636363636, "macro avg": {"precision": 0.8666666666666667, "recall": 0.8636363636363636, "f1-score": 0.8633540372670807, "support": 242}, "weighted avg": {"precision": 0.8666666666666667, "recall": 0.8636363636363636, "f1-score": 0.8633540372670807, "support": 242}}