{"0": {"precision": 0.6802721088435374, "recall": 0.8547008547008547, "f1-score": 0.7575757575757576, "support": 117}, "1": {"precision": 0.8045977011494253, "recall": 0.5982905982905983, "f1-score": 0.6862745098039216, "support": 117}, "accuracy": 0.7264957264957265, "macro avg": {"precision": 0.7424349049964813, "recall": 0.7264957264957265, "f1-score": 0.7219251336898396, "support": 234}, "weighted avg": {"precision": 0.7424349049964813, "recall": 0.7264957264957265, "f1-score": 0.7219251336898396, "support": 234}}