{"0": {"precision": 0.7841726618705036, "recall": 1.0, "f1-score": 0.8790322580645161, "support": 109}, "1": {"precision": 1.0, "recall": 0.7247706422018348, "f1-score": 0.8404255319148937, "support": 109}, "accuracy": 0.8623853211009175, "macro avg": {"precision": 0.8920863309352518, "recall": 0.8623853211009174, "f1-score": 0.8597288949897048, "support": 218}, "weighted avg": {"precision": 0.8920863309352518, "recall": 0.8623853211009175, "f1-score": 0.8597288949897048, "support": 218}}