{"0": {"precision": 0.7, "recall": 0.56, "f1-score": 0.6222222222222222, "support": 50}, "1": {"precision": 0.6333333333333333, "recall": 0.76, "f1-score": 0.6909090909090909, "support": 50}, "accuracy": 0.66, "macro avg": {"precision": 0.6666666666666666, "recall": 0.66, "f1-score": 0.6565656565656566, "support": 100}, "weighted avg": {"precision": 0.6666666666666665, "recall": 0.66, "f1-score": 0.6565656565656566, "support": 100}}