{
  "-1": { "precision": 0.0, "recall": 0.0, "f1-score": 0.0, "support": 0 },
  "0": {
    "precision": 0.7435897435897436,
    "recall": 0.6170212765957447,
    "f1-score": 0.6744186046511628,
    "support": 47
  },
  "1": {
    "precision": 0.6538461538461539,
    "recall": 0.7555555555555555,
    "f1-score": 0.7010309278350516,
    "support": 45
  },
  "accuracy": 0.6847826086956522,
  "macro avg": {
    "precision": 0.46581196581196577,
    "recall": 0.45752561071710013,
    "f1-score": 0.4584831774954048,
    "support": 92
  },
  "weighted avg": {
    "precision": 0.6996934225195095,
    "recall": 0.6847826086956522,
    "f1-score": 0.6874355018606736,
    "support": 92
  }
}
