{"0": {"precision": 0.6857142857142857, "recall": 0.5217391304347826, "f1-score": 0.5925925925925927, "support": 46}, "1": {"precision": 0.6140350877192983, "recall": 0.7608695652173914, "f1-score": 0.679611650485437, "support": 46}, "accuracy": 0.6413043478260869, "macro avg": {"precision": 0.6498746867167919, "recall": 0.6413043478260869, "f1-score": 0.6361021215390148, "support": 92}, "weighted avg": {"precision": 0.649874686716792, "recall": 0.6413043478260869, "f1-score": 0.6361021215390149, "support": 92}}